Philips Norelco QG3364 Multigroom Kit,25,Philips Norelco - Multigroom 5100 All-In-One Trimmer Grooming Kit - Black/Silver,38.99
Philips Norelco QG3364 Multigroom Kit,25,Philips Norelco - Multigroom 5100 All-In-One Trimmer Grooming Kit - Black/Silver,39.99
Philips Norelco QG3364 Multigroom Kit,25,NEW Philips Norelco QG3364/42 Multigroom 5100 All-In-One Trimmer Grooming Kit ,52.9
Philips Norelco QG3364 Multigroom Kit,25,Philips Norelco Multigroom 5100 Grooming Kit Rechargeable  CLEARANCE UNIT!,41.35
Philips Norelco QG3364 Multigroom Kit,25,New Philips Norelco Multigroom 5100 All-In-One Trimmer Grooming Kit Rechargeable,56
Zoom DOCSIS 3.0 High Speed Cable Modem,49,Zoom - DOCSIS 3.0 High-Speed Cable Modem - Black,64.99
Zoom DOCSIS 3.0 High Speed Cable Modem,49,Zoom - DOCSIS 3.0 High-Speed Cable Modem - Black,64.99
Megamind (Blu-ray/DVD Combo),6,Megamind (Two-Disc Blu-ray/DVD Combo) New,13.09
Megamind (Blu-ray/DVD Combo),6,Megamind (Blu-ray + DVD Combo Set),27.95
Megamind (Blu-ray/DVD Combo),6,Megamind 3D Combo Pack Blu-Ray DVD Combo 2 Discs 3 D,29.69
Megamind (Blu-ray/DVD Combo),6,Megamind Two-Disc Blu-ray/DVD Combo),7.76
GoPro Hero4 Silver Edition +,15,GoPro HERO4 Silver Edition + 2 Extra Battery +Head Strap + 64GB All In 1 Top Kit,419.95
GoPro Hero4 Silver Edition +,15,GoPro HERO4 Silver Edition All In 1 PRO Accessory Mount Bundle For All Occasions,429.95
GoPro Hero4 Silver Edition +,15,GoPro HERO4 Silver Edition +32GB SanDisk + Battery & ALL You Need 30pcs Pro Kit,409.99
GoPro Hero4 Silver Edition +,15,GoPro HERO4 Silver Edition Camcorder 1080p 12MP NEW CHDHY-401,330.3
GoPro Hero4 Silver Edition +,15,NEW GoPro Hero 4 Silver Edition CHDHY-401 Helmet Camera + Battery + Dual Charger,389.95
GoPro Hero4 Silver Edition +,15,GoPro HERO 4 Camcorder - Silver Edition -Adventure -CHDHY-401,325
GoPro Hero4 Silver Edition +,15,GoPro Hero 4 Silver Edition (Brand New Sealed)  Not Refurbished,305
GoPro Hero4 Silver Edition +,15,GoPro HERO4 SILVER Edition Camera Built-in Touch Display CHDHY-401 *NEW*,300
GoPro Hero4 Silver Edition +,15,GoPro HERO4 Hero 4 Silver Edition + Body Mount + Head Strap + Mic All In 1,499.95
GoPro Hero4 Silver Edition +,15,New GoPro HERO4 Silver Edition 1080P Action Video Camera CHDHY-401 Latest Model,330
GoPro Hero4 Silver Edition +,15,GoPro HERO4 Silver Edition All In 1 PRO Accessory Mount Bundle & underwater acc,420
GoPro Hero4 Silver Edition +,15,GoPro Hero 4 Silver Edition Camcorder,259
GoPro Hero4 Silver Edition +,15,New GoPro HERO4 Silver Edition 1080P Action Video Camera CHDHY-BRAND NEW IN BOX!,305
GoPro Hero4 Silver Edition +,15,BRAND NEW GOPRO HERO 4 SILVER EDITION 12MP 1080P ACTION CAMCORDER,349.99
GoPro Hero4 Silver Edition +,15,GoPro HERO4: Silver Edition Camera | CHDHY-401,162.5
GoPro Hero4 Silver Edition +,15,GoPro HERO4 SILVER Touchscreen Edition  w/ Charger + Battery - NEW,398.99
GoPro Hero4 Silver Edition +,15,GoPro HERO4: Silver Edition Camera | CHDHX-401,167.5
GoPro Hero4 Silver Edition +,15,GoPro HERO4 Silver Surf Edition HD Action Camera + Built In LCD Touch Display,379.99
GoPro Hero4 Silver Edition +,15,GoPro HERO4: Silver Edition Camera | CHDHY-401,167.5
GoPro Hero4 Silver Edition +,15,GOPRO HERO 4 SILVER EDITION Hero4 CAMCORDER FREE SHIPPING,249.99
GoPro Hero4 Silver Edition +,15,NEW GoPro HERO4 CHDHY-401 Silver Edition + Accessory Bundle Set Kit Package,499.6
GoPro Hero4 Silver Edition +,15,GoPro HERO4: Silver Edition Camera | CHDHX-401,185.5
GoPro Hero4 Silver Edition +,15,GoPro Hero4 Camera Silver Edition (CHDHY-401) captures video in 1080p,339.99
GoPro Hero4 Silver Edition +,15,GoPro HERO4 SILVER Touchscreen Edition  w/ Dual Charger + 2 Battery + 32GB KIT,467.99
GoPro Hero4 Silver Edition +,15,GoPro HERO4 Action Camera Camcorder (Silver Edition) CHDHY-401,311
GoPro Hero4 Silver Edition +,15,New GoPro HD Hero4 Silver Edition Hero 4 with lcd,325
GoPro Hero4 Silver Edition +,15,GoPro HERO4: Silver Edition Camera | CHDHY-401,167.5
GoPro Hero4 Silver Edition +,15,*BRAND NEW****GoPro Hero 4 Silver Edition Action Camera and 3 way configuration ,360
GoPro Hero4 Silver Edition +,15,GoPro HERO4 Silver Edition All In 1 PRO Accessory Mount Bundle For All Occasions,415
GoPro Hero4 Silver Edition +,15,New GoPro HERO4 Silver Edition 1080P Action Video Camera CHDHY-401 Latest Model,330
GoPro Hero4 Silver Edition +,15,GOPRO HERO 4 SILVER EDITION Hero4 CAMCORDER FREE SHIPPING,259.99
GoPro Hero4 Silver Edition +,15,Gopro Hero 4 Camera HD 12 MP 1080P Wifi - Silver Edition (CHDHY-401),249.99
GoPro Hero4 Silver Edition +,15,GoPro HERO4  Silver Edition w/ Accessories *WORKING* ,324.95
GoPro Hero4 Silver Edition +,15,GoPro Hero 4 HERO4 Action Camera Camcorder (Silver Edition) CHDHY-401,389
GoPro Hero4 Silver Edition +,15,GoPro HERO4 SILVER Edition Camera Built-in Touch Display CHDHY-401 *NEW*,349.99
GoPro Hero4 Silver Edition +,15,GoPro Hero 4 Silver Edition Camcorder Hero 4 Music & Selfie Bundles - Case - ,375
GoPro Hero4 Silver Edition +,15,GoPro HERO4 Silver/Music Edition Camera High-Frame 1080p60 Video/12MP Camer,320
GoPro Hero4 Silver Edition +,15,GoPro HERO4 Silver Edition Ultimate Bundle - All GoPro Brand Items - Dont Miss!,449
GoPro Hero4 Silver Edition +,15,GoPro Hero 4 Silver Edition Camcorder/TouchScreen  -w/ Extra's,250
GoPro Hero4 Silver Edition +,15,GoPro Hero4 Silver Edition!! Touchscreen LCD and Waterproof,325
GoPro Hero4 Silver Edition +,15,GOPRO HERO 4 SILVER EDITION Hero4 GO Pro CAMCORDER FREE SHIPPING,262.99
GoPro Hero4 Silver Edition +,15,GOPRO HERO 4 SILVER EDITION CAMCORDER FREE SHIPPING,264.99
Pyrex 4.8-Quart Oblong Clear Baking Dish,8.7,New Large Even Heating Clear 4.8 Quart Oblong Rectangular Baking Dish Bakeware ,13.47
Pyrex 4.8-Quart Oblong Clear Baking Dish,8.7,Pyrex Bakeware 4.8 Quart Oblong Baking Dish Clear Glass Over Stove Microwave New,25.99
Pyrex 4.8-Quart Oblong Clear Baking Dish,8.7,Pyrex Baking Dish Bakeware 4.8 Quart Oblong Clear Casserole FREE SHIPPING,21.92
Pyrex 4.8-Quart Oblong Clear Baking Dish,8.7,Pyrex Bakeware 4.8 Quart Oblong Clear Baking Dish 2 Piece Set,45.99
Pyrex 4.8-Quart Oblong Clear Baking Dish,8.7,Pyrex Bakeware Baking Dish 4.8 Quart Casserole Glass Clear Oblong Oven Bake Food,19.95
Pyrex 4.8-Quart Oblong Clear Baking Dish,8.7,Pyrex Dish Bakeware 4.8 Quart Oblong Baking Clear New Glass Microwave Oven Safe,12.47
Pyrex 4.8-Quart Oblong Clear Baking Dish,8.7,Pyrex Bakeware 4.8 Quart Oblong Baking Dish Clear 4 qt 1,11.97
Pyrex 4.8-Quart Oblong Clear Baking Dish,8.7,New Large Even Heating Clear 4.8 Quart Oblong Rectangular Baking Dish Bakeware,13.35
Pyrex 4.8-Quart Oblong Clear Baking Dish,8.7,Pyrex Bakeware 4.8 Quart Oblong Baking Dish Clear Kitchen Bar Chef Restaurant To,15.6
Pyrex 4.8-Quart Oblong Clear Baking Dish,8.7,NEW Pyrex Bakeware 4.8 Quart Oblong Baking Dish  Clear,11.51
Pyrex 4.8-Quart Oblong Clear Baking Dish,8.7,Pyrex Bakeware 4.8 Quart Oblong Baking Dish  Clear (Set of 2),43.07
Pyrex 4.8-Quart Oblong Clear Baking Dish,8.7,Baking Supplies Pyrex Bakeware 4.8 Quart Oblong Dish Clear New Fast Shipping Gi,14.98
"Calphalon 12"" &amp; 10"" Contemporary Nonstick Fry Pan Set",35,Calphalon Contemporary Nonstick Fry Pans,39.95
"Calphalon 12"" &amp; 10"" Contemporary Nonstick Fry Pan Set",35,"Calphalon Nonstick Fry Frying Pan Set 10"" and 12"" Aluminum Quality Contemporary",82.99
"34"" LG 34UC87C 3440x1440 QHD Curved IPS Monitor",685,"LG 34UC87-C IPS 21:9 34"" 3440X1440 Curved UltraWide QHD LED-Lit Monitor Display",740.99
Baume &amp; Mercier Clifton GMT Automatic Watch,1195,New Mens Baume & Mercier Clifton GMT Date Automatic Silver Dial 43mm Watch 10112,2695
"65"" Samsung UN65JU6400 4K Smart LED HDTV +",300,Samsung UN65JU6400 - 65-Inch 4K Ultra HD Smart LED HDTV + Hookup Kit,1699
"65"" Samsung UN65JU6400 4K Smart LED HDTV +",300,Samsung UN65JU6400 - 65-Inch 4K Ultra HD Smart LED HDTV Flat Bundle,1699
"65"" Samsung UN65JU6400 4K Smart LED HDTV +",300,Samsung UN65JU6400 - 65-Inch 4K Ultra HD Smart LED HDTV,1599
Nutri Ninja Pro Blender,60,NEW Nutri Ninja Pro BL450 900W Vitamin Nutrient Extraction Professional Blender,79.99
Nutri Ninja Pro Blender,60,NEW Nutri Ninja Pro BL450 900W Vitamin Nutrient Extraction Professional Blender,88.88
Nutri Ninja Pro Blender,60,Euro Pro Ninja BL450 Nutri Ninja Pro Blender,78.96
Nutri Ninja Pro Blender,60,Nutri Ninja Pro (BL454) 1000W Vitamin Nutrient Extraction Professional Blender,67.99
Nutri Ninja Pro Blender,60,NEW Nutri Ninja Pro BL450 900W Vitamin Nutrient Extraction Professional Blender,68
Nutri Ninja Pro Blender,60,1100w NUTRI NINJA BLENDER PRO COMPLETE NUTRIENT & VITAMIN EXTRACTION w/ Auto IQ,127.46
Nutri Ninja Pro Blender,60,Nutri Ninja Pro Single Serve Blender New!!!,89.97
Nutri Ninja Pro Blender,60,gift xmas Nutri Ninja Pro (BL450) ,82.3
Nutri Ninja Pro Blender,60,Euro Pro Ninja BL481 Nutri Ninja Auto IQ Blender,95
Nutri Ninja Pro Blender,60,Euro Pro Ninja BL481 Nutri Ninja Auto IQ Blender,95
Nutri Ninja Pro Blender,60,NEW Nutri Ninja Pro BL450 900W Vitamin Nutrient Extraction Professional Blender,79.99
Nutri Ninja Pro Blender,60,Nutri Ninja Pro Blender 900 Watt Professional Mixer Kitchen Silver Black New,79.99
Nutri Ninja Pro Blender,60,Ninja BL450 Nutri Ninja Pro Brand New,87.99
Nutri Ninja Pro Blender,60,Nutri Ninja Pro Single Serve Blender,119.99
Nutri Ninja Pro Blender,60,Ninja - Nutri Ninja Pro 24-Oz. Blender - Black/Silver,78.99
Nutri Ninja Pro Blender,60,Nutri NINJA Auto-Iq PRO Complete Nutrient Extraction,95
Nutri Ninja Pro Blender,60,Nutri Ninja Pro Blender Juicer With Auto iQ Technology BL482,149.95
Nutri Ninja Pro Blender,60,Nutri Ninja Pro blender juicer (BL450),99
Nutri Ninja Pro Blender,60,Nutri NINJA Pro Personal Blender 1000 Watts Includes 3 Cups & Cookbook BL455,119.95
Nutri Ninja Pro Blender,60,New Nutri Ninja Pro Single Serve Juicer Blender 1000 Watt Food Juice Extractor,124.99
Nutri Ninja Pro Blender,60,NEW Nutri Ninja Pro Blender,102.97
Nutri Ninja Pro Blender,60,Nutri Ninja Pro Blender,120
Nutri Ninja Pro Blender,60,New Nutri NINJA Pro Personal Blender 1000 Watts  BL455,109.99
Nutri Ninja Pro Blender,60,Nutri Ninja Pro Compact System with Auto-iQ BL492 NEW IN BOX BLENDER SMOOTHIES!,175
Nutri Ninja Pro Blender,60,Nutri Ninja Pro Single Serve Blender NEW,93.54
Nutri Ninja Pro Blender,60,Nutri Ninja Pro Single Serve Blender ,95.99
Nutri Ninja Pro Blender,60,Nutri Ninja Pro Single Serve Blender ,109.99
Nutri Ninja Pro Blender,60,Nutri Ninja Pro (BL450) 900 Watts Professional Power,89.99
Nutri Ninja Pro Blender,60,Ninja - Nutri Ninja Auto-IQ Pro Complete 4-Speed Blender - Black,159.99
Nutri Ninja Pro Blender,60,Nutri Ninja Pro Blender Silver Black Powerful Nutrient Vitamin Smooth Natural,114.99
Nutri Ninja Pro Blender,60,Nutri Ninja Pro Single Serve Blender,119.99
Nutri Ninja Pro Blender,60,Nutri Ninja Pro (Black And Silver) Ninja - Nutri Ninja Pro 24-Oz. Blender,92.5
Nutri Ninja Pro Blender,60, Nutri Ninja Pro Brand NEW,84
Nutri Ninja Pro Blender,60,Nutri Ninja Pro Blender Extractor Smoothy Juice Maker Mixer 900 Watts,79.99
Nutri Ninja Pro Blender,60,Nutri NINJA Pro Personal Blender 1000 Watts with 3 Cups & Recipe Cookbook BL482,129.99
Nutri Ninja Pro Blender,60,Nutri Ninja Pro Blender Silver/Black 900W  Blades crush through ice Single serve,103.59
Nutri Ninja Pro Blender,60,Nutri Ninja Pro 1000 Watt Single Serve Blender w/ 3 Cups and Recipe Book,151.6
Nutri Ninja Pro Blender,60,Blender Nutri Ninja Pro Silver/Black Dishwasher Safe Cord Wrap BL450 900W,108.86
Nutri Ninja Pro Blender,60,NUTRI Ninja 900 Watt Single Serve Blender With Pro Extractor Blade BL450 NEW,99
Nutri Ninja Pro Blender,60,Nutri Ninja Pro Deluxe BL451,152.56
Nutri Ninja Pro Blender,60,NEW Nutri Ninja Pro Blender Mixer Juicer Powerful Makes Easy Kitchen Extraction,77.87
Nutri Ninja Pro Blender,60,Nutri Ninja Pro Deluxe BL451 Refurbished - opened see listing,76.49
Nutri Ninja Pro Blender,60,Nutri Ninja Pro Compact System with Auto-iQ BL492 NEW IN BOX BLENDER SMOOTHIES!,192.24
Nutri Ninja Pro Blender,60,New Nutri Ninja Pro 24oz 900 Watt Kitchen Blender Fruit Juicer Vitamin Extractor,149.99
Nutri Ninja Pro Blender,60,NEW SharkNinja BL491 Nutri Ninja Pro Auto IQ Black,161.98
Nutri Ninja Pro Blender,60,NEW Nutri Ninja Pro 900 Watt Blender - Juice and Vitamin Extractor,99.99
Nutri Ninja Pro Blender,60,Nutri Ninja Pro BL451 Deluxe 900W Professional Power Blender Nutrient Extractor,99.99
Nutri Ninja Pro Blender,60,Nutri Ninja Pro Extractor Blender Model# BL451 New in box 900 watts,89.99
Nutri Ninja Pro Blender,60,Nutri Ninja Pro Extractor Single Serve Blender 1000 Watt w/ 3 Sip n Seal Cups ,109.79
Nutri Ninja Pro Blender,60,Ninja - Nutri Ninja Pro 24 Oz. Blender (Imported by Euro-Pro)  Model: BL451,90
Nutri Ninja Pro Blender,60,Nutri Ninja Pro Blender NEW in Box BL451 NIB NWT ,123.71
Nutri Ninja Pro Blender,60,NEW Nutri Ninja Pro Blender BL450 Extractor Blades 900 Watts Choppper Processor,109.97
Nutri Ninja Pro Blender,60,BRAND New Nutri Ninja Pro Deluxe BL451 900 Watts Professional Power Blender,189.95
Nutri Ninja Pro Blender,60,Nutri Ninja Pro Drinks Vegetables Fruit Processor Juicer Nutrient Vitamin,133.01
Nutri Ninja Pro Blender,60,Nutri Ninja Pro 1000 Watt Single Serve Blender w/ 3 Cups and Recipe Book,97
Nutri Ninja Pro Blender,60,Nutri Ninja Pro (BL450) 900W Vitamin Nutrient Extraction Professional Blender,60.99
Nutri Ninja Pro Blender,60,Nutri Ninja Pro (BL454) 1000W Vitamin Nutrient Extraction Professional Blender,66.99
Nutri Ninja Pro Blender,60,New Nutri Ninja Pro (BL450) ,71.54
Nutri Ninja Pro Blender,60,Nutri NINJA Pro Personal Blender 1000 Watts with 3 Cups & Recipe Cookbook BL455,123.95
Nutri Ninja Pro Blender,60,Nutri Ninja Pro Blender Extractor BPA Free Vegetable Fruit Smoothies,142.8
Nutri Ninja Pro Blender,60,Nutri Ninja Pro Extractor Blender Juicer Set with Auto-IQ Fruit Vegetable NIB,168.99
Nutri Ninja Pro Blender,60,Nutri Ninja Pro 12 Oz. 18 Oz. and 24 Oz. Kitchen Countertop Single Serve Blender,115
Nutri Ninja Pro Blender,60,Nutri Ninja  Auto iQ Pro Complete Personal Blender/Extractor BL487,129.99
Nutri Ninja Pro Blender,60,Nutri Ninja Pro Blender,79.99
Nutri Ninja Pro Blender,60,Nutri Ninja Pro (BL450) blender,199
Nutri Ninja Pro Blender,60,Ninja Nutri Pro Blender,78.39
Nutri Ninja Pro Blender,60,Nutri Ninja Auto-iQ PRO COMPLETE BL487 NUTRIENT & VITAMIN EXTRATOR BLENDER ,87.99
Nutri Ninja Pro Blender,60,NUTRI NINJA AUTO IQ ONE TOUCH NUTRIENT BLENDER BL480 1000 WATT PRO EXTRACTOR,79.99
Nutri Ninja Pro Blender,60,NEW Euro-Pro BL456 30 Nutri Ninja Pro 900W Mixer,84
Nutri Ninja Pro Blender,60,NUTRI NINJA PRO BLENDER BL456,89.99
Nutri Ninja Pro Blender,60,Nutri Ninja Pro Deluxe BL451,113.45
Samson SR850 Professional Studio Headphones,25,NEW Samson SR850 Professional Studio Reference Headphones,39
Samson SR850 Professional Studio Headphones,25,Samson SR850 Professional Studio Reference Headphones (Open Box),34.95
Samson SR850 Professional Studio Headphones,25,Samson SR850 Professional Studio Reference Headphones #SASR850C,49.99
Samson SR850 Professional Studio Headphones,25,Samson SR850 Professional Studio Headphones + 20 Ft.Extension Cord + Adaptor Set,49
Samson SR850 Professional Studio Headphones,25,NEW Samson SR850 Professional Studio Reference Headphones FREE SHIPPING,44.55
Samson SR850 Professional Studio Headphones,25,Samson SR850 Professional Studio Reference Headphones,49.99
Samson SR850 Professional Studio Headphones,25,SAMSON professional studio reference headset SR850 by free shipping to worldwide,45.99
Samson SR850 Professional Studio Headphones,25,SAMSON Black SR850 Professional Studio Stereo Hi-Def Headphones DJ Cell Phone ,38.95
Samson SR850 Professional Studio Headphones,25,NEW Samson SR850 Professional Studio Reference Headphones,49.99
Samson SR850 Professional Studio Headphones,25,Samson SR850 Professional Studio Reference Headphones Black,42.44
Samson SR850 Professional Studio Headphones,25,Samson SR850 Professional Studio Reference Headphones Black,41.46
"32GB LG Nexus 5 4G LTE 5"" Quad Core Android Unlocked Smartphone",200,New Unlocked LG Google Nexus 5 D820 GSM QuadCore 4G LTE Smartphone BLACK White,255
"32GB LG Nexus 5 4G LTE 5"" Quad Core Android Unlocked Smartphone",200,LG Google Nexus 5 D820 32GB Quad-Core Android GSM 4G LTE UNLOCKED Cell Phone RF,209.99
"32GB LG Nexus 5 4G LTE 5"" Quad Core Android Unlocked Smartphone",200,New LG Google Nexus 5 D821 Factory Unlocked GSM Smartphone  4G LTE WIFI QuadCore,300
"32GB LG Nexus 5 4G LTE 5"" Quad Core Android Unlocked Smartphone",200,New Unlocked LG Google Nexus 5 D820 GSM QuadCore 4G LTE Smartphone BLACK White,280
"32GB LG Nexus 5 4G LTE 5"" Quad Core Android Unlocked Smartphone",200,New Unlocked LG Google Nexus 5 D820 GSM QuadCore 4G LTE Smartphone BLACK White,255
"32GB LG Nexus 5 4G LTE 5"" Quad Core Android Unlocked Smartphone",200,New LG Google Nexus 5 D821 Factory Unlocked GSM Smartphone  4G LTE WIFI QuadCore,300
"32GB LG Nexus 5 4G LTE 5"" Quad Core Android Unlocked Smartphone",200,LG Google Nexus 5 D820 32GB Quad-Core Android GSM 4G LTE UNLOCKED Cell Phone RF,209.99
Fender American Deluxe Stratocaster Ash Electric Guitar,1049, Fender American Deluxe Stratocaster Ash Aged Cherry Burst Electric Guitar #8332,1299.99
Fender American Deluxe Stratocaster Ash Electric Guitar,1049,FENDER AMERICAN DELUXE STRATOCASTER ASH ELECTRIC GUITAR ROSEWOOD EXC,1431.29
Fender American Deluxe Stratocaster Ash Electric Guitar,1049,Fender American Deluxe Stratocaster Ash Electric Guitar - Tobacco Sunburst ,1749.99
Fender American Deluxe Stratocaster Ash Electric Guitar,1049,Fender American Deluxe Stratocaster Ash Electric Guitar Tobacco Sunburst,1749.99
Fender American Deluxe Stratocaster Ash Electric Guitar,1049,Fender American Deluxe Stratocaster Ash Electric Guitar Aged Cherry Burst,1749.99
Fender American Deluxe Stratocaster Ash Electric Guitar,1049,Fender American Deluxe Stratocaster Ash Electric Guitar Aged Cherry Burst,1749.99
Fender American Deluxe Stratocaster Ash Electric Guitar,1049,Fender American Deluxe Stratocaster Ash Electric Guitar Aged Cherry Burst,1749.99
Blue Microphones Yeti USB Microphone (Silver),85,Blue Microphones Yeti USB Ultimate Professional Tri-capsule Microphone - Silver,124.98
Blue Microphones Yeti USB Microphone (Silver),85,Blue Microphones Yeti Professional USB Microphone - Silver,94.99
Blue Microphones Yeti USB Microphone (Silver),85,Blue Microphones - Yeti Professional USB Microphone - Silver,119.99
Blue Microphones Yeti USB Microphone (Silver),85,Blue Microphones Yeti USB Microphone - Silver - New-Other - In Retail Packaging,94.99
Blue Microphones Yeti USB Microphone (Silver),85,Blue Microphones Yeti Professional USB Microphone Silver -406-,94.99
Blue Microphones Yeti USB Microphone (Silver),85,Blue Microphones Yeti USB Ultimate Professional Tri-capsule Microphone - Silver,141.63
Blue Microphones Yeti USB Microphone (Silver),85,Blue Microphones Yeti USB Microphone - Silver  *FREE SHIPPING US ONLY*,87
Blue Microphones Yeti USB Microphone (Silver),85,Blue Microphones Yeti USB Ultimate Professional Tri-capsule Microphone Silver,99.99
Blue Microphones Yeti USB Microphone (Silver),85,Blue Microphones -THX Certified Yeti Professional USB Microphone - Silver,90
Blue Microphones Yeti USB Microphone (Silver),85,Blue Microphones - Yeti USB Microphone - Silver *BRAND NEW*,149.99
Blue Microphones Yeti USB Microphone (Silver),85,NEW Blue Microphones Yeti USB Microphone Studio Recording Multipattern SILVER,143.87
Blue Microphones Yeti USB Microphone (Silver),85,Blue Microphones -THX Certified Yeti Professional USB Microphone - Silver,139.99
Blue Microphones Yeti USB Microphone (Silver),85,Yeti Blue Microphones USB Professional Silver,162.49
Blue Microphones Yeti USB Microphone (Silver),85,Blue Microphones Yeti USB Microphone - Silver,104.99
Blue Microphones Yeti USB Microphone (Silver),85,Blue Microphones Yeti Professional USB Condenser Microphone Silver Multi Pattern,90
Blue Microphones Yeti USB Microphone (Silver),85,Blue Microphones Yeti USB Microphone Silver Tri-capsule array professional Plug ,142.27
Blue Microphones Yeti USB Microphone (Silver),85, Yeti USB Microphone-(silver)- Made by Blue Microphones,149.98
Blue Microphones Yeti USB Microphone (Silver),85,Usb Yeti Silver Microphone Blue Microphones Professional New Free Shipping Brand,158.03
Blue Microphones Yeti USB Microphone (Silver),85,** BRAND NEW **  Blue Microphones Yeti USB Microphone - Silver  ** SEALED  **,152
Blue Microphones Yeti USB Microphone (Silver),85,NEW Blue Microphones Yeti Professional USB Studio Recording Microphone - Silver,144.95
Blue Microphones Yeti USB Microphone (Silver),85,Blue Microphones Yeti USB Microphone **BRAND NEW** YETI Multi-Pattern Silver,129.99
Blue Microphones Yeti USB Microphone (Silver),85,Blue Microphones Yeti USB Microphone (Silver) +pop filter (FREE SHIPPING NEW HVI,165.99
Blue Microphones Yeti USB Microphone (Silver),85,Yeti Usb Microphone Silver Tri-capsule Array Multiple Pattern Selection,134.97
Blue Microphones Yeti USB Microphone (Silver),85,BRAND NEW Blue Microphones Yeti USB Microphone - SILVER --FREE SHIPPING- NEW HVI,136.55
Blue Microphones Yeti USB Microphone (Silver),85,Blue*YETI* USB Microphone - Silver Edition AUTHORIZED FREE 2 DAY NEW,129
Blue Microphones Yeti USB Microphone (Silver),85,Blue Microphones Yeti USB Microphone - Silver Recording Music Vocals Audio NEW,152.44
Blue Microphones Yeti USB Microphone (Silver),85,Blue Microphones Yeti USB Microphone Silver,119
Blue Microphones Yeti USB Microphone (Silver),85,Blue Microphones Yeti USB Microphone Silver Cardidioid Stereo Wired Recordings ,224.99
Blue Microphones Yeti USB Microphone (Silver),85,NEW PROFESSIONAL DJ BLUE YETI USB STUDIO MIOCROPHONE RECORD VOCAL AUDIO SILVER,169.99
Blue Microphones Yeti USB Microphone (Silver),85,Blue*YETI+WARRANTY* USB Microphone - Silver Edition AUTHORIZED FREE 2 DAY,150
Blue Microphones Yeti USB Microphone (Silver),85,NEW Blue Microphones Yeti USB Mic - Silver,110
Blue Microphones Yeti USB Microphone (Silver),85,Blue Microphones Yeti USB Microphone Silver Edition Record Music Voice Laptop ,174.67
Blue Microphones Yeti USB Microphone (Silver),85,Blue Microphones Yeti USB PodCast Recording Microphone (Silver) ,129.99
Blue Microphones Yeti USB Microphone (Silver),85,Blue Yeti USB Microphone,119
Blue Microphones Yeti USB Microphone (Silver),85,Blue Microphones Yeti USB Microphone - Silver Edition ,221.82
Blue Microphones Yeti USB Microphone (Silver),85,Blue Microphones Yeti Silver USB Connector Ultimate Professional Microphone,189.99
Blue Microphones Yeti USB Microphone (Silver),85,Yeti Blue USB Professional Microphone Multi-Pattern Silver W USB & Manual,118.75
Blue Microphones Yeti USB Microphone (Silver),85,New Blue Microphones Yeti USB Microphone Silver Plug n Play Mac And PC Skype Mic,155.97
Blue Microphones Yeti USB Microphone (Silver),85,Blue Microphones Yeti USB Microphone (Silver) Brand New + 1 Year Warranty,139.99
Blue Microphones Yeti USB Microphone (Silver),85,Blue Microphones Yeti USB Microphone - Silver Silver USB Microphone,134.61
Blue Microphones Yeti USB Microphone (Silver),85,Blue Microphones Yeti Professional USB Microphone - Silver,109.99
Blue Microphones Yeti USB Microphone (Silver),85,Blue Microphones Yeti USB Microphone - Silver New,136.41
Blue Microphones Yeti USB Microphone (Silver),85,Blue Microphones Yeti USB Microphone - Silver,138.55
Blue Microphones Yeti USB Microphone (Silver),85,Blue Microphones Yeti USB Microphone - Silver Silver USB Microphone,139.07
Blue Microphones Yeti USB Microphone (Silver),85,Blue Microphones Yeti USB Microphone - Silver Silver USB Microphone,152.04
Blue Microphones Yeti USB Microphone (Silver),85,Blue Microphones Yeti USB Microphone - Silver Silver USB Microphone,157.22
Blue Microphones Yeti USB Microphone (Silver),85,Blue Microphones Yeti USB Microphone - Silver Silver USB Microphone,139.07
Blue Microphones Yeti USB Microphone (Silver),85,Blue Microphones Yeti USB Microphone - Silver Silver USB Microphone,138.16
Blue Microphones Yeti USB Microphone (Silver),85,Blue Microphones Yeti USB Microphone - Silver,146.82
Blue Microphones Yeti USB Microphone (Silver),85,Blue Microphones Yeti USB Microphone - Silver Silver USB Microphone,145.55
Blue Microphones Yeti USB Microphone (Silver),85,NEW Blue Microphones Yeti USB Microphone Mic Silver FREE SHIPPING,150.93
Blue Microphones Yeti USB Microphone (Silver),85,Blue Microphones Yeti USB Microphone - Silver Silver USB Microphone,150.71
Blue Microphones Yeti USB Microphone (Silver),85,Blue Microphones Yeti USB Microphone - Silver,145.24
Blue Microphones Yeti USB Microphone (Silver),85,Blue Microphones Yeti USB Microphone - Silver Silver USB Microphone,147.34
Blue Microphones Yeti USB Microphone (Silver),85,Blue Microphones Yeti USB Silver Condenser Music Record Wired Studio Brand NEW,150.87
Blue Microphones Yeti USB Microphone (Silver),85,Blue Microphones Yeti USB Silver Condenser Music Record Wired Studio Brand NEW,143.37
Blue Microphones Yeti USB Microphone (Silver),85,Silver Plug And Play Mac/PC USB Microphone For Voice Over With Gain Control,141.71
Blue Microphones Yeti USB Microphone (Silver),85,Blue Microphones Yeti Silver USB Connector Ultimate Professional Microphone,129.99
Blue Microphones Yeti USB Microphone (Silver),85,Blue Microphones Yeti USB Microphone - Silver,144.87
LG 2.1-Channel Soundbar w/ Wireless Subwoofer,100,New LG 320W 2.1 channel Soundbar with Wireless Subwoofer Bluetooth HDMI,184.88
LG 2.1-Channel Soundbar w/ Wireless Subwoofer,100,LG NB3530A 300W 2.1 Channel Bluetooth Sound Bar w/wireless Subwoofer 2 x optical,149.99
4-Pack Panasonic Eneloop 2000mAh Ni-MH Pre-Charged Batteries + Charger,13,Panasonic NEW eneloop 4 Pack AA 2000mAh Ni-MH Pre-Charged Rechargeable Batteries,15.99
Zaq Mini II Travel Litemist Aromatherapy Essential Oil Diffuser,10,ZAQ Mini II Travel Litemist Aromatherapy Essential Oil Diffuser White,34.48
Zaq Mini II Travel Litemist Aromatherapy Essential Oil Diffuser,10,ZAQ Mini II Travel Litemist Aromatherapy Essential Oil Diffuser White,29.81
Nike Mercurial 8.0 R EV0783 Sunglasses,20,Nike Mercurial 8.0 R Men's Sports Sunglasses EV0783 233,49.99
Nike Mercurial 8.0 R EV0783 Sunglasses,20,Nike Mercurial 8.0 R EV0783 Men's Sunglasses Crystal Military Brown/Mint,39.99
Nike Mercurial 8.0 R EV0783 Sunglasses,20,NIKE MERCURIAL 8.0 R EV0783 SUNGLASSES Red/Orange Mirrored Lens,63.74
Nike Mercurial 8.0 R EV0783 Sunglasses,20,NIKE MERCURIAL 8.0 R Sunglasses - EV0783 060,99
Nike Mercurial 8.0 R EV0783 Sunglasses,20,New NIKE Mercurial 8.0 R EV0783 Sunglasses Matte Black with protective lenses,54
Nike Mercurial 8.0 R EV0783 Sunglasses,20,NIKE Sunglasses MERCURIAL 8.0 R EV0783 060 Matte Black 65MM,102
Nike Mercurial 8.0 R EV0783 Sunglasses,20,New NIKE Mercurial 8.0 R EV0783 Sunglasses Matte Black ,58.98
Nike Mercurial 8.0 R EV0783 Sunglasses,20,New with Tags NIKE Mercurial 8.0 R EV0783 Men's Sunglasses Military Brown/Mint,54
Nike Mercurial 8.0 R EV0783 Sunglasses,20,New NIKE Mercurial 8.0 R EV0783 Sunglasses Matte Black with mirrored lenses WOW!,40
Nike Mercurial 8.0 R EV0783 Sunglasses,20,NIKE  MERCURIAL 8.0 R EV0783 SUNGLASSES Red/Orange Mirrored Lens,99
Nike Mercurial 8.0 R EV0783 Sunglasses,20,NIKE MERCURIAL 8.0 R EV0783 mat blk gym rd gryw ml rd mr l 060 Sunglasses,101.99
Nike Mercurial 8.0 R EV0783 Sunglasses,20,New NIKE Mercurial 8.0 R EV0783 Men's Sunglasses Military Brown w/ Bronze lenses,40
Tearaway Unfolded (PS4),20,Tearaway Unfolded Crafted Edition - Sony PlayStation 4 - PS4 - New - Sealed,26.48
Tearaway Unfolded (PS4),20,Tearaway Unfolded: Crafted Edition (Sony PlayStation 4) New & Factory Sealed,31.25
Tearaway Unfolded (PS4),20,TEARAWAY UNFOLDED Crafted Edition Brand New PS4 Game Sony PlayStation 4,27.92
Tearaway Unfolded (PS4),20,Tearaway Unfolded: Crafted Edition Sony PS4 Playstation 4 Game,28.99
Tearaway Unfolded (PS4),20,PlayStation 4 Tearaway Unfolded Crafted Edition PS4 NEW,26.89
Tearaway Unfolded (PS4),20,[PS4] Tearaway Unfolded: Crafted Edition - Brand new and factory sealed,29
Tearaway Unfolded (PS4),20,Tearaway Unfolded Crafted Edition  PlayStation 4  PS4 NEW Free & Fast Ship!,26.95
Tearaway Unfolded (PS4),20,Tearaway Unfolded Crafted Edition - PlayStation 4 PS4 - Brand New,25
Tearaway Unfolded (PS4),20,Tearaway Unfolded Crafted edition . BRAND NEW . sealed . Sony Playstation 4,34.96
Tearaway Unfolded (PS4),20,Ps4 Tearaway Unfolded (2015) - New - Playstation 4,37.76
Tearaway Unfolded (PS4),20,Tearaway Unfolded - PlayStation 4,25.22
Tearaway Unfolded (PS4),20,Tearaway: Unfolded - Crafted Edition - PlayStation 4,39.98
Tearaway Unfolded (PS4),20,TearAway Unfolded: Crafted Edition (PlayStation 4),43.9
Tearaway Unfolded (PS4),20,New Sony PlayStation 4 Tearaway Unfolded Asia Version Chinese/English Subs,57.99
Tearaway Unfolded (PS4),20,TEARAWAY UNFOLDED NEW PS4 GAME,69.69
Tearaway Unfolded (PS4),20,PS4 ADVENTURE-TEARAWAY UNFOLDED PS4 NEW,43.82
Tearaway Unfolded (PS4),20,New Sony PlayStation 4 Games Tearaway Unfolded HK Version Chinese/English Subs,42.99
Tearaway Unfolded (PS4),20,Tearaway Unfolded PlayStation 4,39.99
Tearaway Unfolded (PS4),20,MSRNY PS4 Tearaway Unfolded Asian ver. Chinese & English subtitle English voice,49.99
Tearaway Unfolded (PS4),20,Tearaway Unfolded Press Kit PS4 w/ wireless papercraft Dualshock 4 controller ,164.99
Tearaway Unfolded (PS4),20,Tearaway Unfolded (PS4) BRAND NEW SEALED,31.02
Tearaway Unfolded (PS4),20,Tearaway Unfolded - PlayStation 4,24.45
Tearaway Unfolded (PS4),20,Tearaway Unfolded - PlayStation 4 PS4 Brand New Ships Worldwide,68.99
Tearaway Unfolded (PS4),20,Tearaway: Unfolded - Crafted Edition - PlayStation 4,39.99
Tearaway Unfolded (PS4),20,Tearaway Unfolded For PlayStation 4 PS4 Action 0E Mint,37.81
Tearaway Unfolded (PS4),20,Tearaway Unfolded (Sony) (ps4sce300920),43.12
Tearaway Unfolded (PS4),20,Tearaway Unfolded for Sony PS4,39.99
Tearaway Unfolded (PS4),20,New Tearaway: Unfolded for Playstation 4 PS4 game **Sealed** No TAX!!,37.94
5TB Seagate Backup Plus USB 3.0 External Hard Drive,120,NEW Seagate Backup Plus 5TB USB 3.0 Desktop External Hard Drive STDT5000100,149.99
5TB Seagate Backup Plus USB 3.0 External Hard Drive,120,Seagate Backup Plus 5TB USB 3.0 Desktop External Hard Drive STDT5000100,149.99
5TB Seagate Backup Plus USB 3.0 External Hard Drive,120,Seagate Backup Plus 5TB Desktop External Hard Drive USB 3.0 STDT5000100,134.94
5TB Seagate Backup Plus USB 3.0 External Hard Drive,120,Seagate Backup Plus 5 TB External Hard Drive - USB 3.0 - Desktop STDT5000100,162.37
5TB Seagate Backup Plus USB 3.0 External Hard Drive,120,Seagate Backup Plus 5TB Desktop External Hard Drive USB 3.0 STDT5000100 disk,160
5TB Seagate Backup Plus USB 3.0 External Hard Drive,120,Seagate - Backup Plus Desktop 5TB External USB 3.0/2.0 Hard Drive - Black,149.99
5TB Seagate Backup Plus USB 3.0 External Hard Drive,120,Seagate - Retail 5Tb Backup Plus Usb 3.0 Desktop Drive UK2743 Hard Drive NEW,164.31
5TB Seagate Backup Plus USB 3.0 External Hard Drive,120,Seagate Backup Plus 5 TB External Hard Drive - USB 3.0 - Desktop,158.19
5TB Seagate Backup Plus USB 3.0 External Hard Drive,120,Seagate Backup Plus Desktop Gen2 USB3.0 5TB External Hard Drive USB 3.0 Black,439.8
5TB Seagate Backup Plus USB 3.0 External Hard Drive,120,STDT5000100 Seagate Backup Plus 5 TB External Hard Drive USB 3.0 Desktop,177.49
5TB Seagate Backup Plus USB 3.0 External Hard Drive,120,Seagate Backup Plus Desktop Gen2 USB3.0 5TB External Hard Drive USB 3.0 Black,453
5TB Seagate Backup Plus USB 3.0 External Hard Drive,120,Seagate Backup Plus 5TB STDT5000100 USB 3.0 External Desktop Hard Drive ,159.99
5TB Seagate Backup Plus USB 3.0 External Hard Drive,120,Seagate Backup Plus 5 TB External Hard Drive - USB 3.0 - Desktop,156.09
5TB Seagate Backup Plus USB 3.0 External Hard Drive,120,Seagate Backup Plus 5 TB External Hard Drive - USB 3.0 - Desktop,168.2
5TB Seagate Backup Plus USB 3.0 External Hard Drive,120,Seagate Backup Plus 5 Tb External Hard Drive - Usb 3.0 - Desktop (stdt5000100),158.1
5TB Seagate Backup Plus USB 3.0 External Hard Drive,120,Seagate Backup Plus 5 Tb External Hard Drive - Usb 3.0 - Desktop,168.2
5TB Seagate Backup Plus USB 3.0 External Hard Drive,120,Seagate Backup Plus Desktop Gen2 USB3.0 5TB External Hard Drive USB 3.0 Black,593.7
"55"" Samsung UN55JS7000 4K SUHD Smart LED HDTV",900,"Samsung UN55JS7000 55"" Grey SUHD 4K LED Smart HDTV",1299
Leatherman Skeletool 7-in-1 All-Purpose Multi-Tool,30,Leatherman SKELETOOL 7-in-1 All-Purpose Multi-Tool - New in Package,44.99
Leatherman Skeletool 7-in-1 All-Purpose Multi-Tool,30,Leatherman SKELETOOL 7-in-1 All-Purpose Multi-Tool - New in Package,45
Leatherman Skeletool 7-in-1 All-Purpose Multi-Tool,30,Leatherman Tool Group Skeletool 7-in-1 All-Purpose Multi-Tool 830846 ,74.96
Leatherman Skeletool 7-in-1 All-Purpose Multi-Tool,30,Skeletool 7-in-1 All-Purpose Swiss Stainless Multi-Tool Pliers Bit Driver Opener,54.41
Sennheiser HD700 Open Headphones,430,Sennheiser HD 700 Headphones with Open-back Ear Cups,499.95
Sennheiser HD700 Open Headphones,430,Sennheiser HD700 Audiophile & Mastering Headphones - Open,699.95
Sennheiser HD700 Open Headphones,430,Sennheiser HD700 Open Back Headphones,749
Sennheiser HD700 Open Headphones,430,Sennheiser HD700 Open Dynamic Hi-Fi Pro HEADPHONE *** MAKE US AN OFFER****,529
Sennheiser HD700 Open Headphones,430,NEW Sennheiser HD700 Professional Open-Aire Audiophile Grade Studio Headphones,749.95
Sennheiser HD700 Open Headphones,410,Sennheiser HD 700 Headphones with Open-back Ear Cups,499.95
Sennheiser HD700 Open Headphones,410,Sennheiser HD700 Audiophile & Mastering Headphones - Open,699.95
Sennheiser HD700 Open Headphones,410,Sennheiser HD700 Open Back Headphones,749
Sennheiser HD700 Open Headphones,410,Sennheiser HD700 Open Dynamic Hi-Fi Pro HEADPHONE *** MAKE US AN OFFER****,529
Sennheiser HD700 Open Headphones,410,NEW Sennheiser HD700 Professional Open-Aire Audiophile Grade Studio Headphones,749.95
Bowflex SelectTech 552 Adjustable Dumbbells (Pair),260,Pair of Bowflex Selecttech 552 Adjustable Dumbbells,324.99
Bowflex SelectTech 552 Adjustable Dumbbells (Pair),260,Pair of BOWFLEX 100182 SelectTech 552 Adjustable Dumbbells 5-52.5lbs Each*,275
Bowflex SelectTech 552 Adjustable Dumbbells (Pair),260,New Bowflex Adjustable Dumbbells SelectTech 552 Pair Home Workout 5-52.5 Lbs,389.99
Bowflex SelectTech 552 Adjustable Dumbbells (Pair),260,Bowflex SelectTech 552 Adjustable Dumbbells (Pair) 5-52.5 lbs Saves Space,399.99
Bowflex SelectTech 552 Adjustable Dumbbells (Pair),260,Bowflex SelectTech Adjustable 552 Pair (2) of Dumbbells + Bowflex Stand ,469.98
Oral-B Vitality Floss Action Rechargeable Electric Toothbrush,15,Oral-B Vitality Floss Action Rechargeable Electric Toothbrush,19.99
Oral-B Vitality Floss Action Rechargeable Electric Toothbrush,15,Oral-B Vitality Floss Action Rechargeable Electric Toothbrush,19.89
Oral-B Vitality Floss Action Rechargeable Electric Toothbrush,15,Oral-B Vitality Floss Action Rechargeable Electric Toothbrush with Extra Refill,29.99
Oral-B Vitality Floss Action Rechargeable Electric Toothbrush,15,Oral-B Vitality Floss Action Rechargeable Electric Toothbrush With Extra Brush ,24.99
Oral-B Vitality Floss Action Rechargeable Electric Toothbrush,15,Oral-B Vitality Floss Action Rechargeable Electric Toothbrush 1 Count,23.99
Oral-B Vitality Floss Action Rechargeable Electric Toothbrush,15,Oral-B Vitality Floss Action Electric Rechargeable Toothbrush w/Extra Head ~NIP~,24.99
Oral-B Vitality Floss Action Rechargeable Electric Toothbrush,15, Oral-B Floss Action VITALITY Electric Rechargeable Toothbrush EXTRA REFILL ,23.5
Oral-B Vitality Floss Action Rechargeable Electric Toothbrush,15,Oral-B Vitality Floss Action Rechargeable Electric Toothbrush,24.5
Oral-B Vitality Floss Action Rechargeable Electric Toothbrush,15, Oral-B Floss Action VITALITY Electric Rechargeable Toothbrush Power Brush BLUE,21.99
Oral-B Vitality Floss Action Rechargeable Electric Toothbrush,15,Braun Oral-B Vitality Electric Rechargeable Toothbrush Floss Action FlossAction,39.99
Oral-B Vitality Floss Action Rechargeable Electric Toothbrush,15,Oral-B Vitality Floss Action Rechargeable Electric Toothbrush NEW IN BOX,37.99
Oral-B Vitality Floss Action Rechargeable Electric Toothbrush,15,Oral-B Floss Action VITALITY Electric Toothbrush Power Tooth Brush Rechargeable,34.99
Oral-B Vitality Floss Action Rechargeable Electric Toothbrush,15,ORAL-B VITALITY FLOSS ACTION RECHARGEABLE POWER ELECTRIC TOOTHBRUSH + 2 BRUSH,50.85
Oral-B Vitality Floss Action Rechargeable Electric Toothbrush,15,Oral-B Vitality Floss Action Rechargeable Electric Toothbrush 1 Count,28.32
Oral-B Vitality Floss Action Rechargeable Electric Toothbrush,15,Oral-B Vitality Floss Action Rechargeable Electric Toothbrush 1 Count,24.86
Oral-B Vitality Floss Action Rechargeable Electric Toothbrush,15,Lot 3 ORAL-B VITALITY FLOSS ACTION RECHARGEABLE POWER ELECTRIC TOOTHBRUSH BONUS,89.99
Oral-B Vitality Floss Action Rechargeable Electric Toothbrush,15,*NEW* Oral-B Floss Action VITALITY Rechargeable Toothbrush Electric Power Brush,19.95
Oral-B Vitality Floss Action Rechargeable Electric Toothbrush,15,Oral-B Vitality Floss Action Rechargeable Electric Toothbrush W/O BOX,16.99
Oral-B Vitality Floss Action Rechargeable Electric Toothbrush,15,Oral-B Floss Action VITALITY Electric Rechargeable Toothbrush Power LOT OF 2 NEW,49.99
Oral-B Vitality Floss Action Rechargeable Electric Toothbrush,15,Oral-B Vitality Floss Action Rechargeable Electric Toothbrush 1 Count,25.09
Oral-B Vitality Floss Action Rechargeable Electric Toothbrush,15,Oral-B Vitality Floss Action Rechargeable Electric Toothbrush 1 Count,39.92
Oral-B Vitality Floss Action Rechargeable Electric Toothbrush,15,Oral-B Vitality Floss Action Rechargeable Electric Toothbrush 1 Count,28.42
Oral-B Vitality Floss Action Rechargeable Electric Toothbrush,15,Oral-B Vitality Floss Action Rechargeable Electric Toothbrush 1 Count,25.55
Fender American Deluxe Telecaster Electric Guitar,1199, Fender American Deluxe Ash Telecaster Butterscotch w/Case Electric Guitar Tele,1299.99
Fender American Deluxe Telecaster Electric Guitar,1199, Fender American Deluxe Telecaster Aged Cherry Sunburst Electric Guitar #3871,1299.99
Fender American Deluxe Telecaster Electric Guitar,1199, Fender American Deluxe Telecaster Ash Butterscotch Electric Guitar #0893,1299.99
Fender American Deluxe Telecaster Electric Guitar,1199,2009 Fender American Deluxe Telecaster electric guitar wine red S1 equip OHSC NM,1249
Fender American Deluxe Telecaster Electric Guitar,1199,Fender American Deluxe Telecaster Electric Cherry Sunburst Guitar bundle,1499
Fender American Deluxe Telecaster Electric Guitar,1199,Fender American Deluxe Telecaster Electric Guitar Olympic Pearl Rosewood,1699.99
Fender American Deluxe Telecaster Electric Guitar,1199,FENDER AMERICAN DELUXE TELECASTER WHITE BLONDE ELECTRIC GUITAR EXC,1499
Fender American Deluxe Telecaster Electric Guitar,1199,2013 Fender American Deluxe Telecaster Thinline Olympic White MC Electric Guitar,1635.89
Fender American Deluxe Telecaster Electric Guitar,1199,Fender American Deluxe Telecaster Electric Guitar Aged Cherry Burst Tiny Dent ,1499
Fender American Deluxe Telecaster Electric Guitar,1199,Brand New Fender American Deluxe Telecaster Electric Guitar Butterscotch Blonde,1749.99
Fender American Deluxe Telecaster Electric Guitar,1199,Brand New Fender American Deluxe Telecaster Thinline Electric Guitar w/Hard Case,1799.99
Fender American Deluxe Telecaster Electric Guitar,1199,Fender American Deluxe Telecaster Ash Electric Guitar Butterscotch Blonde,1749.99
Fender American Deluxe Telecaster Electric Guitar,1199,Fender American Deluxe Telecaster Electric Guitar Aged Cherry Burst 0119400731,1529.99
Fender American Deluxe Telecaster Electric Guitar,1199,Fender American Deluxe Telecaster Electric Guitar Candy Apple Red Maple,1699.99
Fender American Deluxe Telecaster Electric Guitar,1199,Fender American Deluxe Telecaster Electric Guitar Candy Apple Red ,1699.99
Fender American Deluxe Telecaster Electric Guitar,1199,Fender Fender American Deluxe Telecaster Ash Electric Guitar (White Blonde),1749.99
Fender American Deluxe Telecaster Electric Guitar,1199,Fender American Deluxe Telecaster Ash Electric Guitar - Butterscotch Blonde,1749.99
Fender American Deluxe Telecaster Electric Guitar,1199,Fender American Deluxe Telecaster Tele Electric Guitar - Aged Cherry Sunburst,1699.99
Fender American Deluxe Telecaster Electric Guitar,1199,FENDER AMERICAN DELUXE TELECASTER ASH BLONDE ELECTRIC GUITAR MAPLE,1749.99
8TB Seagate Backup Plus USB 3.0 External Hard Drive,200,Seagate STDT8000100 Backup Plus 8TB USB 3.0 Desktop External Hard Drive - Black,276.94
8TB Seagate Backup Plus USB 3.0 External Hard Drive,200,Seagate STDT8000100 Backup Plus 8TB USB 3.0 Desktop External Hard Drive - Black,249.99
8TB Seagate Backup Plus USB 3.0 External Hard Drive,200,Seagate - Backup Plus Desktop 8TB External USB 3.0 Hard Drive - Black,249.99
8TB Seagate Backup Plus USB 3.0 External Hard Drive,200,Seagate Backup Plus STDT8000100 8 TB 3.5  External Hard Drive - USB 3.0 - Deskto,303.31
8TB Seagate Backup Plus USB 3.0 External Hard Drive,200,"Seagate Backup Plus STDT8000100 8 TB 3.5"" External Hard Drive - USB 3.0 - Deskto",307.68
8TB Seagate Backup Plus USB 3.0 External Hard Drive,200,Seagate STDT8000100 8tb Backup Plus Desktop Drive Usb3.0,353.34
8TB Seagate Backup Plus USB 3.0 External Hard Drive,200,Seagate Backup Plus 8TB USB 3.0 Desktop External Hard Drive STDT8000300 - Black,379
8TB Seagate Backup Plus USB 3.0 External Hard Drive,200,Seagate STDT8000100 Backup Plus 8TB USB 3.0 Desktop External Hard Drive - Black,276.94
8TB Seagate Backup Plus USB 3.0 External Hard Drive,200,Seagate STDT8000100 Backup Plus 8TB USB 3.0 Desktop External Hard Drive - Black,276.94
8TB Seagate Backup Plus USB 3.0 External Hard Drive,200,Seagate Backup Plus 8TB USB 3.0 Desktop External Hard Drive - Black STDT8000100,277.14
8TB Seagate Backup Plus USB 3.0 External Hard Drive,200,Seagate 8TB Backup Plus External Hard Drive USB 3.0 STDT8000100 extreme capacity,294.1
8TB Seagate Backup Plus USB 3.0 External Hard Drive,200,"Seagate Backup Plus Stdt8000100 8 Tb 3.5"" External Hard Drive - Usb 3.0 -",311.79
"70"" Vizio E70-C3 240Hz 1080p Smart LED HDTV",1075,"VIZIO E70-C3 70"" 1080p 240Hz Class LED Smart HDTV",1549.95
Band of Brothers (Blu-ray),20,*Pre-Sale* NEW! BAND OF BROTHERS Blu-ray Box Set - HBO,21.99
Band of Brothers (Blu-ray),20,Band of Brothers HBO BLURAY Tin Set Sealed NEW 6 Disc Set COMPLETE SERIES USA,25.99
Band of Brothers (Blu-ray),20, Band of Brothers / The Pacific  Blu-Ray 13-Discs Tom Hanks Steven Spielberg,34.99
Band of Brothers (Blu-ray),20,Band of Brothers The Pacific (Blu-ray Disc 13-Disc Set) Tom Hanks Spielberg HBO,29.99
Band of Brothers (Blu-ray),20,HBO's Band of Brothers & The Pacific ~ SPECIAL EDITION 13-DVD BLURAY BRAND NEW!,48.98
Band of Brothers (Blu-ray),20,Band of Brothers / The Pacific Gift Set (Blu-ray) New,49.99
Band of Brothers (Blu-ray),20,BAND OF BROTHERS BLU-RAY DVD 6 DISC SERIES.,22.99
Band of Brothers (Blu-ray),20,Brand New Band of Brothers Blu-ray,29.99
Band of Brothers (Blu-ray),20,Band of Brothers (BD) [Blu-ray],35.49
Band of Brothers (Blu-ray),20,HBO's Band of Brothers & The Pacific ~ SPECIAL EDITION 13-DVD BLURAY BRAND NEW!,54.97
Band of Brothers (Blu-ray),20,Band of Brothers: The Complete Series BLU-RAY NEW [6 Disc],81.58
Band of Brothers (Blu-ray),20,Band Of Brothers / The Pacific : NEW Blu-Ray,53.95
Band of Brothers (Blu-ray),20,BAND OF BROTHERS Sealed 6-DISC BLU-RAY TIN BOX SET HBO MINISERIES Small Dent,27.95
Band of Brothers (Blu-ray),20,Band of Brothers / The Pacific Special Edition Gift Set 13-Disc Blu-Ray NEW,69.95
Band of Brothers (Blu-ray),20,BAND OF BROTHERS - COMPLETE HBO SERIES - 6 DISC GIFT SET *** BRAND NEW BLURAY **,62.95
Band of Brothers (Blu-ray),20,Band of Brothers / The Pacific (Special Edition Gift Set) [Blu-ray],87.75
Band of Brothers (Blu-ray),20,Band Of Brothers / The Pacific : Vanilla Edition | Boxset - Blu Ray Region B Bra,54.29
Band of Brothers (Blu-ray),20,Band of Brothers Blu-ray 6-Disc Set 1080p Full HD Video NEW,49
Band of Brothers (Blu-ray),20,New Band of Brothers Collection Blu-Ray Tin Box Set,59.98
Band of Brothers (Blu-ray),20,HBO'S BAND OF BROTHERS / THE PACIFIC BLU-RAY TIN SETS LIKE NEW CONDT.,44.99
Band of Brothers (Blu-ray),20,Band Of Brothers (Limited Tin Box) : NEW Blu-Ray,44.95
Band of Brothers (Blu-ray),20,Band of Brothers and The Pacific Special Edition 12 BluRay Disc Set,53.99
Band of Brothers (Blu-ray),20,Band Of Brothers Complete HBO 6 Disc Blu-Ray DVD Metal Tin Set - 2010 Bluray,21.99
Band of Brothers (Blu-ray),20,BAND OF BROTHERS COLLECTORS DVD BOX SET TIN BOX GOOD CONDITION,24.99
Band of Brothers (Blu-ray),20,Band Of Brothers Limited Edition Collectable Tin 6 Discs Blu-ray RegB,47.5
Band of Brothers (Blu-ray),20,Band Of Brothers Blu-ray 6 Disc Digital Copy Re Pkgd,47.69
Band of Brothers (Blu-ray),20,Band of Brothers ~ HBO MINISERIES ~ BRAND NEW 6-DISC BLU-RAY SET ~ USA RELEASE,33.49
Band of Brothers (Blu-ray),20,Band of Brothers / The Pacific (Special Edition Gift Set) [Blu-ray] Starring Var,78.65
Band of Brothers (Blu-ray),20,"BRAND NEW ""BAND OF BROTHERS"" 6 DISC BLU-RAY BOX SET",59
Band of Brothers (Blu-ray),20,BAND OF BROTHERS (BLU-RAY/6 DISC/TIN BOX) - GIFT SET,57.9
Band of Brothers (Blu-ray),20,Band of Brothers HBO 6 DVD Disc Box Set in EXCELLENT Condition Spielberg Hanks,22.95
Band of Brothers (Blu-ray),20,BAND OF BROTHERS (UK) NEW BLURAY,58.11
Band of Brothers (Blu-ray),20,Band of Brothers DVD 6-Disc Set in Excellent Condition,22.95
Band of Brothers (Blu-ray),20,NEW Band of Brothers / The Pacific Special Edition 13-Disc Blu-ray disc gift set,65
Band of Brothers (Blu-ray),20,Band Of Brothers (2008) - Used - Blu-ray,21.59
Band of Brothers (Blu-ray),20,BAND OF BROTHERS (6PC) (WS) NEW BLURAY,81.96
Band of Brothers (Blu-ray),20,BAND OF BROTHERS WWII TELEVISION MINI-SERIES - SEALED - NIP -TOM HANKS-SPIELBERG,24.99
Band of Brothers (Blu-ray),20,NEW Band of Brothers Complete DVD Box Set 6 DVD 2002 Factory Sealed ,49.99
Band of Brothers (Blu-ray),20,Band of Brothers [Region B] [Blu-ray] - DVD - New - Free Shipping.,32.21
Band of Brothers (Blu-ray),20,BAND OF BROTHERS - COMPLETE HBO TV SERIES *NEW BLU-RAY ,61.95
